name,link,UNII,CAS_number,InChI_Key,InChI,IUPAC_Name,SMILES
Clotrimazole,https://go.drugbank.com/drugs/DB00257,G07GZ97H65,23593-75-1,VNFPBHJOKIVQEB-UHFFFAOYSA-N,"InChI=1S/C22H17ClN2/c23-21-14-8-7-13-20(21)22(25-16-15-24-17-25,18-9-3-1-4-10-18)19-11-5-2-6-12-19/h1-17H",1-[(2-chlorophenyl)diphenylmethyl]-1H-imidazole,ClC1=CC=CC=C1C(N1C=CN=C1)(C1=CC=CC=C1)C1=CC=CC=C1
Tolnaftate,https://go.drugbank.com/drugs/DB00525,06KB629TKV,2398-96-1,FUSNMLFNXJSCDI-UHFFFAOYSA-N,"InChI=1S/C19H17NOS/c1-14-6-5-9-17(12-14)20(2)19(22)21-18-11-10-15-7-3-4-8-16(15)13-18/h3-13H,1-2H3",N-methyl-N-(3-methylphenyl)-1-(naphthalen-2-yloxy)methanethioamide,CN(C(=S)OC1=CC2=CC=CC=C2C=C1)C1=CC=CC(C)=C1
Miconazole,https://go.drugbank.com/drugs/DB01110,7NNO0D7S5M,22916-47-8,BYBLEWFAAKGYCD-UHFFFAOYSA-N,"InChI=1S/C18H14Cl4N2O/c19-13-2-1-12(16(21)7-13)10-25-18(9-24-6-5-23-11-24)15-4-3-14(20)8-17(15)22/h1-8,11,18H,9-10H2","1-[2-(2,4-dichlorophenyl)-2-[(2,4-dichlorophenyl)methoxy]ethyl]-1H-imidazole",ClC1=CC(Cl)=C(COC(CN2C=CN=C2)C2=C(Cl)C=C(Cl)C=C2)C=C1
Undecylenic acid,https://go.drugbank.com/drugs/DB11117,K3D86KJ24N,112-38-9,FRPZMMHWLSIFAZ-UHFFFAOYSA-N,"InChI=1S/C11H20O2/c1-2-3-4-5-6-7-8-9-10-11(12)13/h2H,1,3-10H2,(H,12,13)",undec-10-enoic acid,OC(=O)CCCCCCCCC=C
Butenafine,https://go.drugbank.com/drugs/DB01091,91Y494NL0X,101828-21-1,ABJKWBDEJIDSJZ-UHFFFAOYSA-N,"InChI=1S/C23H27N/c1-23(2,3)21-14-12-18(13-15-21)16-24(4)17-20-10-7-9-19-8-5-6-11-22(19)20/h5-15H,16-17H2,1-4H3",[(4-tert-butylphenyl)methyl](methyl)[(naphthalen-1-yl)methyl]amine,CN(CC1=CC=C(C=C1)C(C)(C)C)CC1=CC=CC2=CC=CC=C12
Terbinafine,https://go.drugbank.com/drugs/DB00857,G7RIW8S0XP,91161-71-6,DOMXUEMWDBAQBQ-WEVVVXLNSA-N,"InChI=1S/C21H25N/c1-21(2,3)15-8-5-9-16-22(4)17-19-13-10-12-18-11-6-7-14-20(18)19/h5-7,9-14H,16-17H2,1-4H3/b9-5+","[(2E)-6,6-dimethylhept-2-en-4-yn-1-yl](methyl)[(naphthalen-1-yl)methyl]amine",CN(C\C=C\C#CC(C)(C)C)CC1=CC=CC2=CC=CC=C12
Posaconazole,https://go.drugbank.com/drugs/DB01263,6TK1G07BHZ,171228-49-2,RAGOYPUPXAKGKH-XAKZXMRKSA-N,"InChI=1S/C37H42F2N8O4/c1-3-35(26(2)48)47-36(49)46(25-42-47)31-7-5-29(6-8-31)43-14-16-44(17-15-43)30-9-11-32(12-10-30)50-20-27-19-37(51-21-27,22-45-24-40-23-41-45)33-13-4-28(38)18-34(33)39/h4-13,18,23-27,35,48H,3,14-17,19-22H2,1-2H3/t26-,27+,35-,37-/m0/s1","4-{4-[4-(4-{[(3R,5R)-5-(2,4-difluorophenyl)-5-[(1H-1,2,4-triazol-1-yl)methyl]oxolan-3-yl]methoxy}phenyl)piperazin-1-yl]phenyl}-1-[(2S,3S)-2-hydroxypentan-3-yl]-4,5-dihydro-1H-1,2,4-triazol-5-one",CC[C@@H]([C@H](C)O)N1N=CN(C1=O)C1=CC=C(C=C1)N1CCN(CC1)C1=CC=C(OC[C@@H]2CO[C@](CN3C=NC=N3)(C2)C2=C(F)C=C(F)C=C2)C=C1
Butoconazole,https://go.drugbank.com/drugs/DB00639,0Q771797PH,64872-76-0,SWLMUYACZKCSHZ-UHFFFAOYSA-N,"InChI=1S/C19H17Cl3N2S/c20-15-7-4-14(5-8-15)6-9-16(12-24-11-10-23-13-24)25-19-17(21)2-1-3-18(19)22/h1-5,7-8,10-11,13,16H,6,9,12H2","1-[4-(4-chlorophenyl)-2-[(2,6-dichlorophenyl)sulfanyl]butyl]-1H-imidazole",ClC1=CC=C(CCC(CN2C=CN=C2)SC2=C(Cl)C=CC=C2Cl)C=C1
Tavaborole,https://go.drugbank.com/drugs/DB09041,K124A4EUQ3,174671-46-6,LFQDNHWZDQTITF-UHFFFAOYSA-N,"InChI=1S/C7H6BFO2/c9-6-1-2-7-5(3-6)4-11-8(7)10/h1-3,10H,4H2","5-fluoro-1,3-dihydro-2,1-benzoxaborol-1-ol",OB1OCC2=CC(F)=CC=C12
Ciclopirox,https://go.drugbank.com/drugs/DB01188,19W019ZDRJ,29342-05-0,SCKYRAXSEDYPSA-UHFFFAOYSA-N,"InChI=1S/C12H17NO2/c1-9-7-11(13(15)12(14)8-9)10-5-3-2-4-6-10/h7-8,10,15H,2-6H2,1H3","6-cyclohexyl-1-hydroxy-4-methyl-1,2-dihydropyridin-2-one",CC1=CC(=O)N(O)C(=C1)C1CCCCC1
Oteseconazole,https://go.drugbank.com/drugs/DB13055,VHH774W97N,1340593-59-0,IDUYJRXRDSPPRC-NRFANRHFSA-N,"InChI=1S/C23H16F7N5O2/c24-16-4-7-18(19(25)9-16)21(36,11-35-13-32-33-34-35)23(29,30)20-8-3-15(10-31-20)14-1-5-17(6-2-14)37-12-22(26,27)28/h1-10,13,36H,11-12H2/t21-/m0/s1","(2R)-2-(2,4-difluorophenyl)-1,1-difluoro-3-(1H-1,2,3,4-tetrazol-1-yl)-1-{5-[4-(2,2,2-trifluoroethoxy)phenyl]pyridin-2-yl}propan-2-ol",O[C@@](CN1C=NN=N1)(C1=CC=C(F)C=C1F)C(F)(F)C1=CC=C(C=N1)C1=CC=C(OCC(F)(F)F)C=C1
Oxiconazole,https://go.drugbank.com/drugs/DB00239,C668Q9I33J,64211-45-6,QRJJEGAJXVEBNE-HKOYGPOVSA-N,"InChI=1S/C18H13Cl4N3O/c19-13-2-1-12(16(21)7-13)10-26-24-18(9-25-6-5-23-11-25)15-4-3-14(20)8-17(15)22/h1-8,11H,9-10H2/b24-18+","(Z)-[1-(2,4-dichlorophenyl)-2-(1H-imidazol-1-yl)ethylidene][(2,4-dichlorophenyl)methoxy]amine",ClC1=CC(Cl)=C(CO\N=C(/CN2C=CN=C2)C2=CC=C(Cl)C=C2Cl)C=C1
Ibrexafungerp,https://go.drugbank.com/drugs/DB12471,A92JFM5XNU,1207753-03-4,BODYFEUFKHPRCK-ZCZMVWJSSA-N,"InChI=1S/C44H67N5O4/c1-27(2)28(3)39(7)18-19-41(9)30-12-13-33-40(8)23-52-25-44(33,31(30)14-17-42(41,10)34(39)37(50)51)22-32(35(40)53-24-43(11,45)38(4,5)6)49-36(47-26-48-49)29-15-20-46-21-16-29/h14-16,20-21,26-28,30,32-35H,12-13,17-19,22-25,45H2,1-11H3,(H,50,51)/t28-,30+,32-,33+,34-,35+,39-,40-,41-,42+,43+,44+/m1/s1","(1R,5S,6R,7R,10R,11R,14R,15S,20R,21R)-21-[(2R)-2-amino-2,3,3-trimethylbutoxy]-5,7,10,15-tetramethyl-7-[(2R)-3-methylbutan-2-yl]-20-[5-(pyridin-4-yl)-1H-1,2,4-triazol-1-yl]-17-oxapentacyclo[13.3.3.0^{1,14}.0^{2,11}.0^{5,10}]henicos-2-ene-6-carboxylic acid",[H][C@]12CC[C@@]3([H])[C@@]4(C)COC[C@@]3(C[C@H]([C@@H]4OC[C@](C)(N)C(C)(C)C)N3N=CN=C3C3=CC=NC=C3)C1=CC[C@@]1(C)[C@H](C(O)=O)[C@](C)(CC[C@]21C)[C@H](C)C(C)C
Micafungin,https://go.drugbank.com/drugs/DB01141,R10H71BSWG,235114-32-6,PIEUQSKUWLMALL-YABMTYFHSA-N,"InChI=1S/C56H71N9O23S/c1-4-5-6-17-86-32-14-11-28(12-15-32)39-21-33(63-87-39)27-7-9-29(10-8-27)49(75)58-34-20-38(70)52(78)62-54(80)45-46(72)25(2)23-65(45)56(82)43(37(69)22-41(57)71)60-53(79)44(48(74)47(73)30-13-16-36(68)40(18-30)88-89(83,84)85)61-51(77)35-19-31(67)24-64(35)55(81)42(26(3)66)59-50(34)76/h7-16,18,21,25-26,31,34-35,37-38,42-48,52,66-70,72-74,78H,4-6,17,19-20,22-24H2,1-3H3,(H2,57,71)(H,58,75)(H,59,76)(H,60,79)(H,61,77)(H,62,80)(H,83,84,85)/t25-,26+,31+,34-,35-,37+,38+,42-,43-,44-,45-,46-,47-,48-,52+/m0/s1","{5-[(1S,2S)-2-[(3S,6S,9S,11R,15S,18S,20R,21R,24S,25S,26S)-3-[(1R)-2-carbamoyl-1-hydroxyethyl]-11,20,21,25-tetrahydroxy-15-[(1R)-1-hydroxyethyl]-26-methyl-2,5,8,14,17,23-hexaoxo-18-(4-{5-[4-(pentyloxy)phenyl]-1,2-oxazol-3-yl}benzamido)-1,4,7,13,16,22-hexaazatricyclo[22.3.0.0^{9,13}]heptacosan-6-yl]-1,2-dihydroxyethyl]-2-hydroxyphenyl}oxidanesulfonic acid",CCCCCOC1=CC=C(C=C1)C1=CC(=NO1)C1=CC=C(C=C1)C(=O)N[C@H]1C[C@@H](O)[C@@H](O)NC(=O)[C@@H]2[C@@H](O)[C@@H](C)CN2C(=O)[C@@H](NC(=O)[C@@H](NC(=O)[C@@H]2C[C@@H](O)CN2C(=O)[C@@H](NC1=O)[C@@H](C)O)[C@H](O)[C@@H](O)C1=CC(OS(O)(=O)=O)=C(O)C=C1)[C@H](O)CC(N)=O
Selenium Sulfide,https://go.drugbank.com/drugs/DB00971,Z69D9E381Q,7488-56-4,JNMWHTHYDQTDQZ-UHFFFAOYSA-N,InChI=1S/S2Se/c1-3-2,thione,S=[Se]=S
Efinaconazole,https://go.drugbank.com/drugs/DB09040,J82SB7FXWB,164650-44-6,NFEZZTICAUWDHU-RDTXWAMCSA-N,"InChI=1S/C18H22F2N4O/c1-13-5-7-23(8-6-13)14(2)18(25,10-24-12-21-11-22-24)16-4-3-15(19)9-17(16)20/h3-4,9,11-12,14,25H,1,5-8,10H2,2H3/t14-,18-/m1/s1","(2R,3R)-2-(2,4-difluorophenyl)-3-(4-methylidenepiperidin-1-yl)-1-(1H-1,2,4-triazol-1-yl)butan-2-ol",C[C@@H](N1CCC(=C)CC1)[C@](O)(CN1C=NC=N1)C1=C(F)C=C(F)C=C1
Naftifine,https://go.drugbank.com/drugs/DB00735,4FB1TON47A,65472-88-0,OZGNYLLQHRPOBR-DHZHZOJOSA-N,"InChI=1S/C21H21N/c1-22(16-8-11-18-9-3-2-4-10-18)17-20-14-7-13-19-12-5-6-15-21(19)20/h2-15H,16-17H2,1H3/b11-8+",methyl[(naphthalen-1-yl)methyl](3-phenylprop-2-en-1-yl)amine,CN(CC=CC1=CC=CC=C1)CC1=CC=CC2=CC=CC=C12
Terconazole,https://go.drugbank.com/drugs/DB00251,0KJ2VE664U,67915-31-5,BLSQLHNBWJLIBQ-ZEQKJWHPSA-N,"InChI=1S/C26H31Cl2N5O3/c1-19(2)31-9-11-32(12-10-31)21-4-6-22(7-5-21)34-14-23-15-35-26(36-23,16-33-18-29-17-30-33)24-8-3-20(27)13-25(24)28/h3-8,13,17-19,23H,9-12,14-16H2,1-2H3/t23-,26-/m1/s1","1-(4-{[(2S,4R)-2-(2,4-dichlorophenyl)-2-[(1H-1,2,4-triazol-1-yl)methyl]-1,3-dioxolan-4-yl]methoxy}phenyl)-4-(propan-2-yl)piperazine",CC(C)N1CCN(CC1)C1=CC=C(OC[C@@H]2CO[C@](CN3C=NC=N3)(O2)C2=C(Cl)C=C(Cl)C=C2)C=C1
Bifonazole,https://go.drugbank.com/drugs/DB04794,QYJ305Z91O,60628-96-8,OCAPBUJLXMYKEJ-UHFFFAOYSA-N,"InChI=1S/C22H18N2/c1-3-7-18(8-4-1)19-11-13-21(14-12-19)22(24-16-15-23-17-24)20-9-5-2-6-10-20/h1-17,22H","1-({[1,1'-biphenyl]-4-yl}(phenyl)methyl)-1H-imidazole",C1=CN(C=N1)C(C1=CC=CC=C1)C1=CC=C(C=C1)C1=CC=CC=C1
Isavuconazonium,https://go.drugbank.com/drugs/DB06636,VH2L779W8Q,742049-41-8,RSWOJTICKMKTER-QXLBVTBOSA-N,"InChI=1S/C35H35F2N8O5S/c1-22(33-42-30(18-51-33)25-9-7-24(15-38)8-10-25)35(48,28-14-27(36)11-12-29(28)37)19-45-21-44(20-41-45)23(2)50-34(47)43(4)32-26(6-5-13-40-32)17-49-31(46)16-39-3/h5-14,18,20-23,39,48H,16-17,19H2,1-4H3/q+1/t22-,23?,35+/m0/s1","1-[(2R,3R)-3-[4-(4-cyanophenyl)-1,3-thiazol-2-yl]-2-(2,5-difluorophenyl)-2-hydroxybutyl]-4-[1-({methyl[3-({[2-(methylamino)acetyl]oxy}methyl)pyridin-2-yl]carbamoyl}oxy)ethyl]-1H-1,2,4-triazol-4-ium",[H]C(C)(OC(=O)N(C)C1=C(COC(=O)CNC)C=CC=N1)[N+]1=CN(C[C@](O)(C2=C(F)C=CC(F)=C2)[C@@]([H])(C)C2=NC(=CS2)C2=CC=C(C=C2)C#N)N=C1
Natamycin,https://go.drugbank.com/drugs/DB00826,8O0C852CPO,7681-93-8,NCXMLFZGDNKEPB-FFPOYIOWSA-N,"InChI=1S/C33H47NO13/c1-18-10-8-6-4-3-5-7-9-11-21(45-32-30(39)28(34)29(38)19(2)44-32)15-25-27(31(40)41)22(36)17-33(42,47-25)16-20(35)14-24-23(46-24)12-13-26(37)43-18/h3-9,11-13,18-25,27-30,32,35-36,38-39,42H,10,14-17,34H2,1-2H3,(H,40,41)/b4-3+,7-5+,8-6+,11-9+,13-12+/t18-,19-,20+,21+,22+,23-,24-,25+,27-,28+,29-,30+,32+,33-/m1/s1","(1R,3S,5R,7R,8E,12R,14E,16E,18E,20E,22R,24S,25R,26S)-22-{[(2R,3S,4S,5S,6R)-4-amino-3,5-dihydroxy-6-methyloxan-2-yl]oxy}-1,3,26-trihydroxy-12-methyl-10-oxo-6,11,28-trioxatricyclo[22.3.1.0⁵,⁷]octacosa-8,14,16,18,20-pentaene-25-carboxylic acid",[H][C@@]12C[C@H](O)C[C@]3(O)C[C@H](O)[C@@H](C(O)=O)[C@]([H])(C[C@@H](O[C@]4([H])O[C@H](C)[C@@H](O)[C@H](N)[C@@H]4O)\C=C\C=C\C=C\C=C\C[C@@H](C)OC(=O)\C=C\[C@@]1([H])O2)O3
Flucytosine,https://go.drugbank.com/drugs/DB01099,D83282DT06,2022-85-7,XRECTZIEBJDKEO-UHFFFAOYSA-N,"InChI=1S/C4H4FN3O/c5-2-1-7-4(9)8-3(2)6/h1H,(H3,6,7,8,9)","4-amino-5-fluoro-1,2-dihydropyrimidin-2-one",NC1=C(F)C=NC(=O)N1
Rezafungin,https://go.drugbank.com/drugs/DB16310,G013B5478J,1396640-59-7,LNFCWEXGZIEGJW-TXSVMFMRSA-O,"InChI=1S/C63H84N8O17/c1-8-9-10-28-87-45-25-21-40(22-26-45)38-13-11-37(12-14-38)39-15-17-42(18-16-39)56(80)64-46-31-48(76)61(88-29-27-71(5,6)7)68-60(84)52-53(77)34(2)32-70(52)63(86)50(36(4)73)66-59(83)51(55(79)54(78)41-19-23-43(74)24-20-41)67-58(82)47-30-44(75)33-69(47)62(85)49(35(3)72)65-57(46)81/h11-26,34-36,44,46-55,61,72-73,75-79H,8-10,27-33H2,1-7H3,(H5-,64,65,66,67,68,74,80,81,82,83,84)/p+1/t34-,35+,36+,44+,46-,47-,48+,49-,50-,51-,52-,53-,54-,55-,61+/m0/s1","(2-{[(3S,4E,6S,7E,9S,11R,15S,16E,18S,20R,21R,22E,24S,25S,26S)-6-[(1S,2S)-1,2-dihydroxy-2-(4-hydroxyphenyl)ethyl]-5,8,11,17,20,23,25-heptahydroxy-18-[(Z)-[hydroxy({4-[4'-(pentyloxy)-[1,1'-biphenyl]-4-yl]phenyl})methylidene]amino]-3,15-bis[(1R)-1-hydroxyethyl]-26-methyl-2,14-dioxo-1,4,7,13,16,22-hexaazatricyclo[22.3.0.0^{9,13}]heptacosa-4,7,16,22-tetraen-21-yl]oxy}ethyl)trimethylazanium",[H][C@](C)(O)[C@]1([H])\N=C(O)/[C@]([H])(C[C@@]([H])(O)[C@@]([H])(OCC[N+](C)(C)C)\N=C(O)/[C@@]2([H])N(C[C@]([H])(C)[C@]2([H])O)C(=O)[C@@]([H])(\N=C(O)/[C@@]([H])(\N=C(O)/[C@]2([H])C[C@@]([H])(O)CN2C1=O)[C@]([H])(O)[C@@]([H])(O)C1=CC=C(O)C=C1)[C@@]([H])(C)O)\N=C(/O)C1=CC=C(C=C1)C1=CC=C(C=C1)C1=CC=C(OCCCCC)C=C1
Clioquinol,https://go.drugbank.com/drugs/DB04815,7BHQ856EJ5,130-26-7,QCDFBFJGMNKBDO-UHFFFAOYSA-N,"InChI=1S/C9H5ClINO/c10-6-4-7(11)9(13)8-5(6)2-1-3-12-8/h1-4,13H",5-chloro-7-iodoquinolin-8-ol,OC1=C(I)C=C(Cl)C2=C1N=CC=C2
Haloprogin,https://go.drugbank.com/drugs/DB00793,AIU7053OWL,777-11-7,CTETYYAZBPJBHE-UHFFFAOYSA-N,"InChI=1S/C9H4Cl3IO/c10-6-4-8(12)9(5-7(6)11)14-3-1-2-13/h4-5H,3H2","1,2,4-trichloro-5-[(3-iodoprop-2-yn-1-yl)oxy]benzene",ClC1=CC(Cl)=C(Cl)C=C1OCC#CI
Isoconazole,https://go.drugbank.com/drugs/DB08943,GRI7WFR424,27523-40-6,MPIPASJGOJYODL-UHFFFAOYSA-N,"InChI=1S/C18H14Cl4N2O/c19-12-4-5-13(17(22)8-12)18(9-24-7-6-23-11-24)25-10-14-15(20)2-1-3-16(14)21/h1-8,11,18H,9-10H2","1-[2-(2,4-dichlorophenyl)-2-[(2,6-dichlorophenyl)methoxy]ethyl]-1H-imidazole",ClC1=CC(Cl)=C(C=C1)C(CN1C=CN=C1)OCC1=C(Cl)C=CC=C1Cl
Griseofulvin,https://go.drugbank.com/drugs/DB00400,32HRV3E3D5,126-07-8,DDUHZTYCFQRHIY-RBHXEPJQSA-N,"InChI=1S/C17H17ClO6/c1-8-5-9(19)6-12(23-4)17(8)16(20)13-10(21-2)7-11(22-3)14(18)15(13)24-17/h6-8H,5H2,1-4H3/t8-,17+/m1/s1","(2S,6'R)-7-chloro-2',4,6-trimethoxy-6'-methyl-3H-spiro[1-benzofuran-2,1'-cyclohexan]-2'-ene-3,4'-dione",COC1=CC(OC)=C(Cl)C2=C1C(=O)[C@]1(O2)[C@H](C)CC(=O)C=C1OC
Sertaconazole,https://go.drugbank.com/drugs/DB01153,72W71I16EG,99592-32-2,JLGKQTAYUIMGRK-UHFFFAOYSA-N,"InChI=1S/C20H15Cl3N2OS/c21-14-4-5-16(18(23)8-14)19(9-25-7-6-24-12-25)26-10-13-11-27-20-15(13)2-1-3-17(20)22/h1-8,11-12,19H,9-10H2","1-{2-[(7-chloro-1-benzothiophen-3-yl)methoxy]-2-(2,4-dichlorophenyl)ethyl}-1H-imidazole",ClC1=CC(Cl)=C(C=C1)C(CN1C=CN=C1)OCC1=CSC2=C1C=CC=C2Cl
Nystatin,https://go.drugbank.com/drugs/DB00646,W1LX4T91WI,1400-61-9,VQOXZBDYSJBXMA-NQTDYLQESA-N,"InChI=1S/C47H75NO17/c1-27-17-15-13-11-9-7-5-6-8-10-12-14-16-18-34(64-46-44(58)41(48)43(57)30(4)63-46)24-38-40(45(59)60)37(54)26-47(61,65-38)25-36(53)35(52)20-19-31(49)21-32(50)22-33(51)23-39(55)62-29(3)28(2)42(27)56/h5-6,8,10-18,27-38,40-44,46,49-54,56-58,61H,7,9,19-26,48H2,1-4H3,(H,59,60)/b6-5+,10-8+,13-11+,14-12+,17-15+,18-16+/t27-,28-,29-,30+,31+,32+,33+,34-,35+,36+,37-,38-,40+,41-,42+,43+,44-,46-,47+/m0/s1","(1S,3R,4R,7R,9R,11R,15S,16R,17R,18S,19E,21E,25E,27E,29E,31E,33R,35S,36R,37S)-33-{[(2R,3S,4S,5S,6R)-4-amino-3,5-dihydroxy-6-methyloxan-2-yl]oxy}-1,3,4,7,9,11,17,37-octahydroxy-15,16,18-trimethyl-13-oxo-14,39-dioxabicyclo[33.3.1]nonatriaconta-19,21,25,27,29,31-hexaene-36-carboxylic acid",[H][C@]12C[C@@H](O[C@@H]3O[C@H](C)[C@@H](O)[C@H](N)[C@@H]3O)\C=C\C=C\C=C\C=C\CC\C=C\C=C\[C@H](C)[C@@H](O)[C@@H](C)[C@H](C)OC(=O)C[C@H](O)C[C@H](O)C[C@H](O)CC[C@@H](O)[C@H](O)C[C@](O)(C[C@H](O)[C@H]1C(O)=O)O2
Voriconazole,https://go.drugbank.com/drugs/DB00582,JFU09I87TR,137234-62-9,BCEHBSKCWLPMDN-MGPLVRAMSA-N,"InChI=1S/C16H14F3N5O/c1-10(15-14(19)5-20-7-22-15)16(25,6-24-9-21-8-23-24)12-3-2-11(17)4-13(12)18/h2-5,7-10,25H,6H2,1H3/t10-,16+/m0/s1","(3S)-2-(2,4-difluorophenyl)-3-(5-fluoropyrimidin-4-yl)-1-(1H-1,2,4-triazol-1-yl)butan-2-ol",C[C@@H](C1=NC=NC=C1F)[C@](O)(CN1C=NC=N1)C1=C(F)C=C(F)C=C1
Itraconazole,https://go.drugbank.com/drugs/DB01167,304NUG5GF4,84625-61-6,VHVPQPYKVGDNFY-ZPGVKDDISA-N,"InChI=1S/C35H38Cl2N8O4/c1-3-25(2)45-34(46)44(24-40-45)29-7-5-27(6-8-29)41-14-16-42(17-15-41)28-9-11-30(12-10-28)47-19-31-20-48-35(49-31,21-43-23-38-22-39-43)32-13-4-26(36)18-33(32)37/h4-13,18,22-25,31H,3,14-17,19-21H2,1-2H3/t25?,31-,35-/m0/s1","1-(butan-2-yl)-4-{4-[4-(4-{[(2R,4S)-2-(2,4-dichlorophenyl)-2-[(1H-1,2,4-triazol-1-yl)methyl]-1,3-dioxolan-4-yl]methoxy}phenyl)piperazin-1-yl]phenyl}-4,5-dihydro-1H-1,2,4-triazol-5-one",CCC(C)N1N=CN(C1=O)C1=CC=C(C=C1)N1CCN(CC1)C1=CC=C(OC[C@H]2CO[C@@](CN3C=NC=N3)(O2)C2=C(Cl)C=C(Cl)C=C2)C=C1
Eugenol,https://go.drugbank.com/drugs/DB09086,3T8H1794QW,97-53-0,RRAFCDWBNXTKKO-UHFFFAOYSA-N,"InChI=1S/C10H12O2/c1-3-4-8-5-6-9(11)10(7-8)12-2/h3,5-7,11H,1,4H2,2H3",2-methoxy-4-(prop-2-en-1-yl)phenol,COC1=C(O)C=CC(CC=C)=C1
Gentian violet cation,https://go.drugbank.com/drugs/DB00406,3GVJ31T6YY,7438-46-2,LGLFFNDHMLKUMI-UHFFFAOYSA-N,"InChI=1S/C25H30N3/c1-26(2)22-13-7-19(8-14-22)25(20-9-15-23(16-10-20)27(3)4)21-11-17-24(18-12-21)28(5)6/h7-18H,1-6H3/q+1","4-{bis[4-(dimethylamino)phenyl]methylidene}-N,N-dimethylcyclohexa-2,5-dien-1-iminium",CN(C)C1=CC=C(C=C1)C(C1=CC=C(C=C1)N(C)C)=C1C=CC(C=C1)=[N+](C)C
Dimazole,https://go.drugbank.com/drugs/DB13858,2KL01R8ZV1,95-27-2,WGMYEOIMVYADRJ-UHFFFAOYSA-N,"InChI=1S/C15H23N3OS/c1-5-18(6-2)9-10-19-12-7-8-13-14(11-12)20-15(16-13)17(3)4/h7-8,11H,5-6,9-10H2,1-4H3","6-[2-(diethylamino)ethoxy]-N,N-dimethyl-1,3-benzothiazol-2-amine",CCN(CC)CCOC1=CC2=C(C=C1)N=C(S2)N(C)C
Tioconazole,https://go.drugbank.com/drugs/DB01007,S57Y5X1117,65899-73-2,QXHHHPZILQDDPS-UHFFFAOYSA-N,"InChI=1S/C16H13Cl3N2OS/c17-12-1-2-13(14(18)7-12)15(8-21-5-4-20-10-21)22-9-11-3-6-23-16(11)19/h1-7,10,15H,8-9H2","1-{2-[(2-chlorothiophen-3-yl)methoxy]-2-(2,4-dichlorophenyl)ethyl}-1H-imidazole",ClC1=C(COC(CN2C=CN=C2)C2=C(Cl)C=C(Cl)C=C2)C=CS1
Fluconazole,https://go.drugbank.com/drugs/DB00196,8VZV102JFY,86386-73-4,RFHAOTPXVQNOHP-UHFFFAOYSA-N,"InChI=1S/C13H12F2N6O/c14-10-1-2-11(12(15)3-10)13(22,4-20-8-16-6-18-20)5-21-9-17-7-19-21/h1-3,6-9,22H,4-5H2","2-(2,4-difluorophenyl)-1,3-bis(1H-1,2,4-triazol-1-yl)propan-2-ol",OC(CN1C=NC=N1)(CN1C=NC=N1)C1=C(F)C=C(F)C=C1
Isavuconazole,https://go.drugbank.com/drugs/DB11633,60UTO373KE,241479-67-4,DDFOUSQFMYRUQK-RCDICMHDSA-N,"InChI=1S/C22H17F2N5OS/c1-14(21-28-20(10-31-21)16-4-2-15(9-25)3-5-16)22(30,11-29-13-26-12-27-29)18-8-17(23)6-7-19(18)24/h2-8,10,12-14,30H,11H2,1H3/t14-,22+/m0/s1","4-{2-[(2R,3R)-3-(2,5-difluorophenyl)-3-hydroxy-4-(1H-1,2,4-triazol-1-yl)butan-2-yl]-1,3-thiazol-4-yl}benzonitrile",C[C@@H](C1=NC(=CS1)C1=CC=C(C=C1)C#N)[C@](O)(CN1C=NC=N1)C1=C(F)C=CC(F)=C1
Luliconazole,https://go.drugbank.com/drugs/DB08933,RE91AN4S8G,187164-19-8,YTAOBBFIOAEMLL-REQDGWNSSA-N,"InChI=1S/C14H9Cl2N3S2/c15-9-1-2-10(11(16)5-9)13-7-20-14(21-13)12(6-17)19-4-3-18-8-19/h1-5,8,13H,7H2/b14-12+/t13-/m0/s1","2-[(2E,4R)-4-(2,4-dichlorophenyl)-1,3-dithiolan-2-ylidene]-2-(1H-imidazol-1-yl)acetonitrile",ClC1=CC(Cl)=C(C=C1)[C@@H]1CS\C(S1)=C(\C#N)N1C=CN=C1
Ketoconazole,https://go.drugbank.com/drugs/DB01026,R9400W927I,65277-42-1,XMAYWYJOQHXEEK-UHFFFAOYSA-N,"InChI=1S/C26H28Cl2N4O4/c1-19(33)31-10-12-32(13-11-31)21-3-5-22(6-4-21)34-15-23-16-35-26(36-23,17-30-9-8-29-18-30)24-7-2-20(27)14-25(24)28/h2-9,14,18,23H,10-13,15-17H2,1H3","1-[4-(4-{[2-(2,4-dichlorophenyl)-2-[(1H-imidazol-1-yl)methyl]-1,3-dioxolan-4-yl]methoxy}phenyl)piperazin-1-yl]ethan-1-one",CC(=O)N1CCN(CC1)C1=CC=C(OCC2COC(CN3C=CN=C3)(O2)C2=CC=C(Cl)C=C2Cl)C=C1
Thymol,https://go.drugbank.com/drugs/DB02513,3J50XA376E,89-83-8,MGSRCZKZVOBKFT-UHFFFAOYSA-N,"InChI=1S/C10H14O/c1-7(2)9-5-4-8(3)6-10(9)11/h4-7,11H,1-3H3",5-methyl-2-(propan-2-yl)phenol,CC(C)C1=CC=C(C)C=C1O
Caspofungin,https://go.drugbank.com/drugs/DB00520,F0XDI6ZL63,162808-62-0,JYIKNQVWKBUSNH-WVDDFWQHSA-N,"InChI=1S/C52H88N10O15/c1-5-28(2)24-29(3)12-10-8-6-7-9-11-13-39(69)56-34-26-38(68)46(55-22-21-54)60-50(75)43-37(67)19-23-61(43)52(77)41(36(66)18-20-53)58-49(74)42(45(71)44(70)31-14-16-32(64)17-15-31)59-48(73)35-25-33(65)27-62(35)51(76)40(30(4)63)57-47(34)72/h14-17,28-30,33-38,40-46,55,63-68,70-71H,5-13,18-27,53-54H2,1-4H3,(H,56,69)(H,57,72)(H,58,74)(H,59,73)(H,60,75)/t28-,29+,30+,33+,34-,35-,36+,37-,38+,40-,41-,42-,43-,44-,45-,46-/m0/s1","(10R,12S)-N-[(3S,6S,9S,11R,15S,18S,20R,21S,24S,25S)-3-[(1R)-3-amino-1-hydroxypropyl]-21-[(2-aminoethyl)amino]-6-[(1S,2S)-1,2-dihydroxy-2-(4-hydroxyphenyl)ethyl]-11,20,25-trihydroxy-15-[(1R)-1-hydroxyethyl]-2,5,8,14,17,23-hexaoxo-1,4,7,13,16,22-hexaazatricyclo[22.3.0.0^{9,13}]heptacosan-18-yl]-10,12-dimethyltetradecanamide",[H][C@@]12C[C@@H](O)CN1C(=O)[C@@H](NC(=O)[C@]([H])(C[C@@H](O)[C@@H](NCCN)NC(=O)[C@@H]1[C@@H](O)CCN1C(=O)[C@@H](NC(=O)[C@@H](NC2=O)[C@H](O)[C@@H](O)C1=CC=C(O)C=C1)[C@H](O)CCN)NC(=O)CCCCCCCC[C@@H](C)C[C@@H](C)CC)[C@@H](C)O
Amorolfine,https://go.drugbank.com/drugs/DB09056,AB0BHP2FH0,78613-35-1,MQHLMHIZUIDKOO-AYHJJNSGSA-N,"InChI=1S/C21H35NO/c1-7-21(5,6)20-10-8-19(9-11-20)12-16(2)13-22-14-17(3)23-18(4)15-22/h8-11,16-18H,7,12-15H2,1-6H3/t16?,17-,18+","(2R,6S)-2,6-dimethyl-4-(2-{[4-(2-methylbutan-2-yl)phenyl]methyl}propyl)morpholine",[H]C(C)(CN1C[C@]([H])(C)O[C@]([H])(C)C1)CC1=CC=C(C=C1)C(C)(C)CC
Boric acid,https://go.drugbank.com/drugs/DB11326,R57ZHV85D4,10043-35-3,KGBXLFKZBHKPEV-UHFFFAOYSA-N,InChI=1S/BH3O3/c2-1(3)4/h2-4H,boric acid,OB(O)O
Sodium borate,https://go.drugbank.com/drugs/DB14505,8191EN8ZMD,1330-43-4,UQGFMSUEHSUPRD-UHFFFAOYSA-N,InChI=1S/B4O7.2Na/c5-1-7-3-9-2(6)10-4(8-1)11-3;;/q-2;2*+1,"disodium bicyclo[3.3.1]tetraboroxane-3,7-bis(olate)",[Na+].[Na+].[O-]B1OB2OB([O-])OB(O1)O2
Ergosterol,https://go.drugbank.com/drugs/DB04038,Z30RAY509F,57-87-4,DNVPQKQSNYMLRS-APGDWVJJSA-N,"InChI=1S/C28H44O/c1-18(2)19(3)7-8-20(4)24-11-12-25-23-10-9-21-17-22(29)13-15-27(21,5)26(23)14-16-28(24,25)6/h7-10,18-20,22,24-26,29H,11-17H2,1-6H3/b8-7+/t19-,20+,22-,24+,25-,26-,27-,28+/m0/s1","(1R,3aR,7S,9aR,9bS,11aR)-1-[(2R,3E,5R)-5,6-dimethylhept-3-en-2-yl]-9a,11a-dimethyl-1H,2H,3H,3aH,6H,7H,8H,9H,9aH,9bH,10H,11H,11aH-cyclopenta[a]phenanthren-7-ol",CC(C)[C@@H](C)\C=C\[C@@H](C)[C@H]1CC[C@H]2C3=CC=C4C[C@@H](O)CC[C@]4(C)[C@H]3CC[C@]12C
Chlorophetanol,https://go.drugbank.com/drugs/DB11368,Q73I5T98DA,1892-43-9,GEGSSUSEWOHAFE-UHFFFAOYSA-N,"InChI=1S/C8H9ClO2/c9-7-1-3-8(4-2-7)11-6-5-10/h1-4,10H,5-6H2",2-(4-chlorophenoxy)ethan-1-ol,OCCOC1=CC=C(Cl)C=C1
Salicylic acid,https://go.drugbank.com/drugs/DB00936,O414PZ4LPZ,69-72-7,YGSDEFSMJLZEOE-UHFFFAOYSA-N,"InChI=1S/C7H6O3/c8-6-4-2-1-3-5(6)7(9)10/h1-4,8H,(H,9,10)",2-hydroxybenzoic acid,OC(=O)C1=CC=CC=C1O
Acetarsol,https://go.drugbank.com/drugs/DB13268,806529YU1N,97-44-9,ODFJOVXVLFUVNQ-UHFFFAOYSA-N,"InChI=1S/C8H10AsNO5/c1-5(11)10-7-4-6(9(13,14)15)2-3-8(7)12/h2-4,12H,1H3,(H,10,11)(H2,13,14,15)",(3-acetamido-4-hydroxyphenyl)arsonic acid,CC(=O)NC1=CC(=CC=C1O)[As](O)(O)=O
Cilofungin,https://go.drugbank.com/drugs/DB20369,8ZJC54A39X,79404-91-4,ZKZKCEAHVFVZDJ-MTUMARHDSA-N,"InChI=1S/C49H71N7O17/c1-5-6-7-8-9-10-19-73-31-17-13-28(14-18-31)42(65)50-32-21-34(61)45(68)54-47(70)38-39(62)24(2)22-56(38)49(72)36(26(4)58)52-46(69)37(41(64)40(63)27-11-15-29(59)16-12-27)53-44(67)33-20-30(60)23-55(33)48(71)35(25(3)57)51-43(32)66/h11-18,24-26,30,32-41,45,57-64,68H,5-10,19-23H2,1-4H3,(H,50,65)(H,51,66)(H,52,69)(H,53,67)(H,54,70)/t24-,25+,26+,30+,32-,33+,34+,35+,36+,37+,38+,39-,40-,41-,45+/m0/s1",,[H][C@@]12C[C@@H](O)CN1C(=O)[C@@]([H])(NC(=O)[C@H](C[C@@H](O)[C@@H](O)NC(=O)[C@]1([H])[C@@H](O)[C@@H](C)CN1C(=O)[C@@]([H])(NC(=O)[C@@]([H])(NC2=O)[C@H](O)[C@@H](O)C1=CC=C(O)C=C1)[C@@H](C)O)NC(=O)C1=CC=C(OCCCCCCCC)C=C1)[C@@H](C)O
Thonzonium,https://go.drugbank.com/drugs/DB09552,Z05ZE98FV8,25466-36-8,IOYZYMQFUSNATM-UHFFFAOYSA-N,"InChI=1S/C32H55N4O/c1-5-6-7-8-9-10-11-12-13-14-15-16-17-18-27-36(2,3)28-26-35(32-33-24-19-25-34-32)29-30-20-22-31(37-4)23-21-30/h19-25H,5-18,26-29H2,1-4H3/q+1",hexadecyl(2-{[(4-methoxyphenyl)methyl](pyrimidin-2-yl)amino}ethyl)dimethylazanium,CCCCCCCCCCCCCCCC[N+](C)(C)CCN(CC1=CC=C(OC)C=C1)C1=NC=CC=N1
Econazole,https://go.drugbank.com/drugs/DB01127,6Z1Y2V4A7M,27220-47-9,LEZWWPYKPKIXLL-UHFFFAOYSA-N,"InChI=1S/C18H15Cl3N2O/c19-14-3-1-13(2-4-14)11-24-18(10-23-8-7-22-12-23)16-6-5-15(20)9-17(16)21/h1-9,12,18H,10-11H2","1-{2-[(4-chlorophenyl)methoxy]-2-(2,4-dichlorophenyl)ethyl}-1H-imidazole",ClC1=CC=C(COC(CN2C=CN=C2)C2=C(Cl)C=C(Cl)C=C2)C=C1
Sulconazole,https://go.drugbank.com/drugs/DB06820,5D9HAA5Q5S,61318-90-9,AFNXATANNDIXLG-UHFFFAOYSA-N,"InChI=1S/C18H15Cl3N2S/c19-14-3-1-13(2-4-14)11-24-18(10-23-8-7-22-12-23)16-6-5-15(20)9-17(16)21/h1-9,12,18H,10-11H2","1-(2-{[(4-chlorophenyl)methyl]sulfanyl}-2-(2,4-dichlorophenyl)ethyl)-1H-imidazole",ClC1=CC=C(CSC(CN2C=CN=C2)C2=C(Cl)C=C(Cl)C=C2)C=C1
Propanoic acid,https://go.drugbank.com/drugs/DB03766,JHU490RVYR,79-09-4,XBDQKXXYIPTUBI-UHFFFAOYSA-N,"InChI=1S/C3H6O2/c1-2-3(4)5/h2H2,1H3,(H,4,5)",propanoic acid,CCC(O)=O
Magnesium silicate,https://go.drugbank.com/drugs/DB13249,9B9691B2N9,1343-88-0,ZADYMNAVLSWLEQ-UHFFFAOYSA-N,InChI=1S/Mg.3O.Si/q+2;3*-2;+4,silicon(4+) ion magnesium(2+) ion trioxidandiide,[O--].[O--].[O--].[Mg++].[Si+4]
Potassium alum,https://go.drugbank.com/drugs/DB09087,09OXB01F3O,10043-67-1,GRLPQNLYRHEGIJ-UHFFFAOYSA-J,"InChI=1S/Al.K.2H2O4S/c;;2*1-5(2,3)4/h;;2*(H2,1,2,3,4)/q+3;+1;;/p-4",aluminium(3+) potassium disulfate,[Al+3].[K+].[O-]S([O-])(=O)=O.[O-]S([O-])(=O)=O
Cerulenin,https://go.drugbank.com/drugs/DB01034,MF286Y830Q,17397-89-6,GVEZIHKRYBHEFX-NQQPLRFYSA-N,"InChI=1S/C12H17NO3/c1-2-3-4-5-6-7-8-9(14)10-11(16-10)12(13)15/h2-3,5-6,10-11H,4,7-8H2,1H3,(H2,13,15)/b3-2+,6-5+/t10-,11-/m1/s1","(2R,3S)-3-[(4E,7E)-nona-4,7-dienoyl]oxirane-2-carboximidic acid",[H][C@]1(O[C@]1([H])C(=O)CC\C=C\C\C=C\C)C(N)=O
Methylchloroisothiazolinone,https://go.drugbank.com/drugs/DB14197,DEL7T5QRPN,26172-55-4,DHNRXBZYEKSXIM-UHFFFAOYSA-N,"InChI=1S/C4H4ClNOS/c1-6-4(7)2-3(5)8-6/h2H,1H3","5-chloro-2-methyl-2,3-dihydro-1,2-thiazol-3-one",CN1SC(Cl)=CC1=O
Taurolidine,https://go.drugbank.com/drugs/DB12473,8OBZ1M4V3V,19388-87-5,AJKIRUJIDFJUKJ-UHFFFAOYSA-N,"InChI=1S/C7H16N4O4S2/c12-16(13)3-1-10(5-8-16)7-11-2-4-17(14,15)9-6-11/h8-9H,1-7H2","4-[(1,1-dioxo-1lambda6,2,4-thiadiazinan-4-yl)methyl]-1lambda6,2,4-thiadiazinane-1,1-dione",O=S1(=O)CCN(CN2CCS(=O)(=O)NC2)CN1
Silver,https://go.drugbank.com/drugs/DB12965,3M4G523W1G,7440-22-4,BQCADISMDOOEFD-UHFFFAOYSA-N,InChI=1S/Ag,silver,[Ag]
Thimerosal,https://go.drugbank.com/drugs/DB11590,2225PI3MOV,54-64-8,RTKIYNMVFMVABJ-UHFFFAOYSA-L,"InChI=1S/C7H6O2S.C2H5.Hg.Na/c8-7(9)5-3-1-2-4-6(5)10;1-2;;/h1-4,10H,(H,8,9);1H2,2H3;;/q;;2*+1/p-2",sodium [(2-carboxylatophenyl)sulfanyl](ethyl)mercury,[Na+].CC[Hg]SC1=CC=CC=C1C([O-])=O
Dequalinium,https://go.drugbank.com/drugs/DB04209,E7QC7V26B8,6707-58-0,PCSWXVJAIHCTMO-UHFFFAOYSA-P,"InChI=1S/C30H38N4/c1-23-21-27(31)25-15-9-11-17-29(25)33(23)19-13-7-5-3-4-6-8-14-20-34-24(2)22-28(32)26-16-10-12-18-30(26)34/h9-12,15-18,21-22,31-32H,3-8,13-14,19-20H2,1-2H3/p+2",4-amino-1-[10-(4-amino-2-methylquinolin-1-ium-1-yl)decyl]-2-methylquinolin-1-ium,CC1=CC(N)=C2C=CC=CC2=[N+]1CCCCCCCCCC[N+]1=C(C)C=C(N)C2=C1C=CC=C2
Chlorobutanol,https://go.drugbank.com/drugs/DB11386,HM4YQM8WRC,57-15-8,OSASVXMJTNOKOY-UHFFFAOYSA-N,"InChI=1S/C4H7Cl3O/c1-3(2,8)4(5,6)7/h8H,1-2H3","1,1,1-trichloro-2-methylpropan-2-ol",CC(C)(O)C(Cl)(Cl)Cl
Allosamidin,https://go.drugbank.com/drugs/DB04628,5UDJ46528K,103782-08-7,MDWNFWDBQGOKNZ-XYUDZHFQSA-N,"InChI=1S/C25H42N4O14/c1-8(33)26-14-17(36)16(35)11(6-31)39-23(14)42-22-12(7-32)40-24(15(19(22)38)27-9(2)34)41-21-10(5-30)20-13(18(21)37)28-25(43-20)29(3)4/h10-24,30-32,35-38H,5-7H2,1-4H3,(H,26,33)(H,27,34)/t10-,11+,12+,13+,14+,15+,16+,17-,18+,19-,20-,21+,22+,23-,24-/m0/s1","N-[(2R,3R,4S,5S,6R)-2-{[(3aR,4R,5R,6S,6aS)-2-(dimethylamino)-4-hydroxy-6-(hydroxymethyl)-3aH,4H,5H,6H,6aH-cyclopenta[d][1,3]oxazol-5-yl]oxy}-5-{[(2S,3R,4S,5S,6R)-3-acetamido-4,5-dihydroxy-6-(hydroxymethyl)oxan-2-yl]oxy}-4-hydroxy-6-(hydroxymethyl)oxan-3-yl]acetamide",CN(C)C1=N[C@@H]2[C@@H](O)[C@H](O[C@@H]3O[C@H](CO)[C@@H](O[C@@H]4O[C@H](CO)[C@@H](O)[C@@H](O)[C@H]4NC(C)=O)[C@@H](O)[C@H]3NC(C)=O)[C@@H](CO)[C@@H]2O1
Ravuconazole,https://go.drugbank.com/drugs/DB06440,95YH599JWV,182760-06-1,OPAHEYNNJWPQPX-RCDICMHDSA-N,"InChI=1S/C22H17F2N5OS/c1-14(21-28-20(10-31-21)16-4-2-15(9-25)3-5-16)22(30,11-29-13-26-12-27-29)18-7-6-17(23)8-19(18)24/h2-8,10,12-14,30H,11H2,1H3/t14-,22+/m0/s1","4-{2-[(2R,3R)-3-(2,4-difluorophenyl)-3-hydroxy-4-(1H-1,2,4-triazol-1-yl)butan-2-yl]-1,3-thiazol-4-yl}benzonitrile",C[C@@H](C1=NC(=CS1)C1=CC=C(C=C1)C#N)[C@](O)(CN1C=NC=N1)C1=CC=C(F)C=C1F
Dipyrithione,https://go.drugbank.com/drugs/DB11327,9L87N86R9A,3696-28-4,ZHDBTKPXEJDTTQ-UHFFFAOYSA-N,InChI=1S/C10H8N2O2S2/c13-11-7-3-1-5-9(11)15-16-10-6-2-4-8-12(10)14/h1-8H,2-[(1-oxidopyridin-1-ium-2-yl)disulfanyl]pyridin-1-ium-1-olate,[O-][N+]1=CC=CC=C1SSC1=CC=CC=[N+]1[O-]
Boron,https://go.drugbank.com/drugs/DB11203,N9E3X5056Q,7440-42-8,ZOXJGFHDIHLPTG-UHFFFAOYSA-N,InChI=1S/B,boranylidyne,[B]
Abafungin,https://go.drugbank.com/drugs/DB06395,11DI31LWXF,129639-79-8,TYBHXIFFPVFXQW-UHFFFAOYSA-N,"InChI=1S/C21H22N4OS/c1-14-8-9-18(15(2)12-14)26-19-7-4-3-6-16(19)17-13-27-21(24-17)25-20-22-10-5-11-23-20/h3-4,6-9,12-13H,5,10-11H2,1-2H3,(H2,22,23,24,25)","N-{4-[2-(2,4-dimethylphenoxy)phenyl]-1,3-thiazol-2-yl}-1,3-diazinan-2-imine",CC1=CC(C)=C(OC2=CC=CC=C2C2=CSC(N=C3NCCCN3)=N2)C=C1
Triafungin,https://go.drugbank.com/drugs/DB20613,E51A927SNR,55242-77-8,ROINDGIBYTXRFE-UHFFFAOYSA-N,"InChI=1S/C13H10N4/c1-2-4-10(5-3-1)8-13-15-12-9-14-7-6-11(12)16-17-13/h1-7,9H,8H2",,C(C1=CC=CC=C1)C1=NC2=CN=CC=C2N=N1
Oxifungin,https://go.drugbank.com/drugs/DB20654,F14V3I66R3,64057-48-3,NSOWETRRDBSIFL-UHFFFAOYSA-N,"InChI=1S/C13H12N4O/c1-2-4-10(5-3-1)18-9-13-15-12-8-14-7-6-11(12)16-17-13/h1-8,16H,9H2,(H,15,17)",,C(OC1=CC=CC=C1)C1=NC2=CN=CC=C2NN1
Ethyl hydroxybenzoate,https://go.drugbank.com/drugs/DB13628,14255EXE39,120-47-8,NUVBSKCKDOMJSU-UHFFFAOYSA-N,"InChI=1S/C9H10O3/c1-2-12-9(11)7-3-5-8(10)6-4-7/h3-6,10H,2H2,1H3",ethyl 4-hydroxybenzoate,CCOC(=O)C1=CC=C(O)C=C1
Mycophenolic acid,https://go.drugbank.com/drugs/DB01024,HU9DX48N0T,24280-93-1,HPNSFSBZBAHARI-RUDMXATFSA-N,"InChI=1S/C17H20O6/c1-9(5-7-13(18)19)4-6-11-15(20)14-12(8-23-17(14)21)10(2)16(11)22-3/h4,20H,5-8H2,1-3H3,(H,18,19)/b9-4+","(4E)-6-(4-hydroxy-6-methoxy-7-methyl-3-oxo-1,3-dihydro-2-benzofuran-5-yl)-4-methylhex-4-enoic acid",COC1=C(C\C=C(/C)CCC(O)=O)C(O)=C2C(=O)OCC2=C1C
Pecilocin,https://go.drugbank.com/drugs/DB13459,TSA7W27MF8,19504-77-9,ZYPGADGCNXOUJP-CXVPHVKISA-N,"InChI=1S/C17H25NO3/c1-3-4-9-15(19)13-14(2)8-5-6-10-16(20)18-12-7-11-17(18)21/h5-6,8,10,13,15,19H,3-4,7,9,11-12H2,1-2H3/b8-5+,10-6+,14-13+/t15-/m1/s1","1-[(2E,4E,6E,8R)-8-hydroxy-6-methyldodeca-2,4,6-trienoyl]pyrrolidin-2-one",CCCC[C@@H](O)\C=C(/C)\C=C\C=C\C(=O)N1CCCC1=O
Sirolimus,https://go.drugbank.com/drugs/DB00877,W36ZG6FT64,53123-88-9,QFJCIRLUMZQUOT-HPLJOQBZSA-N,"InChI=1S/C51H79NO13/c1-30-16-12-11-13-17-31(2)42(61-8)28-38-21-19-36(7)51(60,65-38)48(57)49(58)52-23-15-14-18-39(52)50(59)64-43(33(4)26-37-20-22-40(53)44(27-37)62-9)29-41(54)32(3)25-35(6)46(56)47(63-10)45(55)34(5)24-30/h11-13,16-17,25,30,32-34,36-40,42-44,46-47,53,56,60H,14-15,18-24,26-29H2,1-10H3/b13-11+,16-12+,31-17+,35-25+/t30-,32-,33-,34-,36-,37+,38+,39+,40-,42+,43+,44-,46-,47+,51-/m1/s1","(1R,9S,12S,15R,16E,18R,19R,21R,23S,24E,26E,28E,30S,32S,35R)-1,18-dihydroxy-12-[(2R)-1-[(1S,3R,4R)-4-hydroxy-3-methoxycyclohexyl]propan-2-yl]-19,30-dimethoxy-15,17,21,23,29,35-hexamethyl-11,36-dioxa-4-azatricyclo[30.3.1.0^{4,9}]hexatriaconta-16,24,26,28-tetraene-2,3,10,14,20-pentone",[H][C@@]1(C[C@@H](C)[C@]2([H])CC(=O)[C@H](C)\C=C(C)\[C@@H](O)[C@@H](OC)C(=O)[C@H](C)C[C@H](C)\C=C\C=C\C=C(C)\[C@H](C[C@]3([H])CC[C@@H](C)[C@@](O)(O3)C(=O)C(=O)N3CCCC[C@@]3([H])C(=O)O2)OC)CC[C@@H](O)[C@@H](C1)OC
Tolciclate,https://go.drugbank.com/drugs/DB13360,T3TZ02X2AZ,50838-36-3,CANCCLAKQQHLNK-LSDHHAIUSA-N,"InChI=1S/C20H21NOS/c1-13-4-3-5-16(10-13)21(2)20(23)22-17-8-9-18-14-6-7-15(11-14)19(18)12-17/h3-5,8-10,12,14-15H,6-7,11H2,1-2H3/t14-,15+/m0/s1","N-methyl-N-(3-methylphenyl)-1-[(1R,8S)-tricyclo[6.2.1.0^{2,7}]undeca-2,4,6-trien-4-yloxy]methanethioamide",CN(C(=S)OC1=CC=C2[C@H]3CC[C@H](C3)C2=C1)C1=CC(C)=CC=C1
Pyrrolnitrin,https://go.drugbank.com/drugs/DB13603,N0P24B6EDQ,1018-71-9,QJBZDBLBQWFTPZ-UHFFFAOYSA-N,"InChI=1S/C10H6Cl2N2O2/c11-8-3-1-2-6(10(8)14(15)16)7-4-13-5-9(7)12/h1-5,13H",3-chloro-4-(3-chloro-2-nitrophenyl)-1H-pyrrole,[O-][N+](=O)C1=C(Cl)C=CC=C1C1=CNC=C1Cl
Flutrimazole,https://go.drugbank.com/drugs/DB13425,776S0UP252,119006-77-8,QHMWCHQXCUNUAK-UHFFFAOYSA-N,"InChI=1S/C22H16F2N2/c23-19-12-10-18(11-13-19)22(26-15-14-25-16-26,17-6-2-1-3-7-17)20-8-4-5-9-21(20)24/h1-16H",1-[(2-fluorophenyl)(4-fluorophenyl)phenylmethyl]-1H-imidazole,FC1=CC=C(C=C1)C(N1C=CN=C1)(C1=CC=CC=C1)C1=CC=CC=C1F
Chloroxine,https://go.drugbank.com/drugs/DB01243,2I8BD50I8B,773-76-2,WDFKMLRRRCGAKS-UHFFFAOYSA-N,"InChI=1S/C9H5Cl2NO/c10-6-4-7(11)9(13)8-5(6)2-1-3-12-8/h1-4,13H","5,7-dichloroquinolin-8-ol",OC1=C(Cl)C=C(Cl)C2=C1N=CC=C2
Albaconazole,https://go.drugbank.com/drugs/DB12073,YDW24Y8IAB,187949-02-6,UHIXWHUVLCAJQL-MPBGBICISA-N,"InChI=1S/C20H16ClF2N5O2/c1-12(28-11-25-18-6-13(21)2-4-15(18)19(28)29)20(30,8-27-10-24-9-26-27)16-5-3-14(22)7-17(16)23/h2-7,9-12,30H,8H2,1H3/t12-,20-/m1/s1","7-chloro-3-[(2R,3R)-3-(2,4-difluorophenyl)-3-hydroxy-4-(1H-1,2,4-triazol-1-yl)butan-2-yl]-3,4-dihydroquinazolin-4-one",C[C@@H](N1C=NC2=CC(Cl)=CC=C2C1=O)[C@](O)(CN1C=NC=N1)C1=CC=C(F)C=C1F
Chlorphenesin,https://go.drugbank.com/drugs/DB00856,I670DAL4SZ,104-29-0,MXOAEAUPQDYUQM-UHFFFAOYSA-N,"InChI=1S/C9H11ClO3/c10-7-1-3-9(4-2-7)13-6-8(12)5-11/h1-4,8,11-12H,5-6H2","3-(4-chlorophenoxy)propane-1,2-diol",OCC(O)COC1=CC=C(Cl)C=C1
Omoconazole,https://go.drugbank.com/drugs/DB13684,GQ8ADD54E1,74512-12-2,JMFOSJNGKJCTMJ-ZHZULCJRSA-N,"InChI=1S/C20H17Cl3N2O2/c1-14(25-9-8-24-13-25)20(18-7-4-16(22)12-19(18)23)27-11-10-26-17-5-2-15(21)3-6-17/h2-9,12-13H,10-11H2,1H3/b20-14-","1-[(1Z)-1-[2-(4-chlorophenoxy)ethoxy]-1-(2,4-dichlorophenyl)prop-1-en-2-yl]-1H-imidazole",C\C(N1C=CN=C1)=C(\OCCOC1=CC=C(Cl)C=C1)C1=C(Cl)C=C(Cl)C=C1
Fenticonazole,https://go.drugbank.com/drugs/DB13434,QG05NRB077,72479-26-6,ZCJYUTQZBAIHBS-UHFFFAOYSA-N,"InChI=1S/C24H20Cl2N2OS/c25-19-8-11-22(23(26)14-19)24(15-28-13-12-27-17-28)29-16-18-6-9-21(10-7-18)30-20-4-2-1-3-5-20/h1-14,17,24H,15-16H2","1-[2-(2,4-dichlorophenyl)-2-{[4-(phenylsulfanyl)phenyl]methoxy}ethyl]-1H-imidazole",ClC1=CC(Cl)=C(C=C1)C(CN1C=CN=C1)OCC1=CC=C(SC2=CC=CC=C2)C=C1
Amphotericin B,https://go.drugbank.com/drugs/DB00681,7XU7A7DROE,1397-89-3,APKFDSVGJQXUKY-INPOYWNPSA-N,"InChI=1S/C47H73NO17/c1-27-17-15-13-11-9-7-5-6-8-10-12-14-16-18-34(64-46-44(58)41(48)43(57)30(4)63-46)24-38-40(45(59)60)37(54)26-47(61,65-38)25-33(51)22-36(53)35(52)20-19-31(49)21-32(50)23-39(55)62-29(3)28(2)42(27)56/h5-18,27-38,40-44,46,49-54,56-58,61H,19-26,48H2,1-4H3,(H,59,60)/b6-5+,9-7+,10-8+,13-11+,14-12+,17-15+,18-16+/t27-,28-,29-,30+,31+,32+,33-,34-,35+,36+,37-,38-,40+,41-,42+,43+,44-,46-,47+/m0/s1","(1R,3S,5R,6R,9R,11R,15S,16R,17R,18S,19E,21E,23E,25E,27E,29E,31E,33R,35S,36R,37S)-33-{[(2R,3S,4S,5S,6R)-4-amino-3,5-dihydroxy-6-methyloxan-2-yl]oxy}-1,3,5,6,9,11,17,37-octahydroxy-15,16,18-trimethyl-13-oxo-14,39-dioxabicyclo[33.3.1]nonatriaconta-19,21,23,25,27,29,31-heptaene-36-carboxylic acid",[H][C@]12C[C@@H](O[C@@H]3O[C@H](C)[C@@H](O)[C@H](N)[C@@H]3O)\C=C\C=C\C=C\C=C\C=C\C=C\C=C\[C@H](C)[C@@H](O)[C@@H](C)[C@H](C)OC(=O)C[C@H](O)C[C@H](O)CC[C@@H](O)[C@H](O)C[C@H](O)C[C@](O)(C[C@H](O)[C@H]1C(O)=O)O2
Miltefosine,https://go.drugbank.com/drugs/DB09031,53EY29W7EC,58066-85-6,PQLXHQMOHUQAKB-UHFFFAOYSA-N,"InChI=1S/C21H46NO4P/c1-5-6-7-8-9-10-11-12-13-14-15-16-17-18-20-25-27(23,24)26-21-19-22(2,3)4/h5-21H2,1-4H3",hexadecyl 2-(trimethylazaniumyl)ethyl phosphate,CCCCCCCCCCCCCCCCOP([O-])(=O)OCC[N+](C)(C)C
Thiabendazole,https://go.drugbank.com/drugs/DB00730,N1Q45E87DT,148-79-8,WJCNZQLZVWNLKY-UHFFFAOYSA-N,"InChI=1S/C10H7N3S/c1-2-4-8-7(3-1)12-10(13-8)9-5-14-6-11-9/h1-6H,(H,12,13)","2-(1,3-thiazol-4-yl)-1H-1,3-benzodiazole",N1C2=CC=CC=C2N=C1C1=CSC=N1
Pyrithione,https://go.drugbank.com/drugs/DB06815,6GK82EC25D,1121-31-9,FGVVTMRZYROCTH-UHFFFAOYSA-N,"InChI=1S/C5H5NOS/c7-6-4-2-1-3-5(6)8/h1-4,8H",2-sulfanylpyridin-1-ium-1-olate,[O-][N+]1=C(S)C=CC=C1
Hydrocortisone,https://go.drugbank.com/drugs/DB00741,WI4X0X7BPJ,50-23-7,JYGXADMDTFJGBT-VWUMJDOOSA-N,"InChI=1S/C21H30O5/c1-19-7-5-13(23)9-12(19)3-4-14-15-6-8-21(26,17(25)11-22)20(15,2)10-16(24)18(14)19/h9,14-16,18,22,24,26H,3-8,10-11H2,1-2H3/t14-,15-,16-,18+,19-,20-,21-/m0/s1","(1R,3aS,3bS,9aR,9bS,10S,11aS)-1,10-dihydroxy-1-(2-hydroxyacetyl)-9a,11a-dimethyl-1H,2H,3H,3aH,3bH,4H,5H,7H,8H,9H,9aH,9bH,10H,11H,11aH-cyclopenta[a]phenanthren-7-one",[H][C@@]12CC[C@](O)(C(=O)CO)[C@@]1(C)C[C@H](O)[C@@]1([H])[C@@]2([H])CCC2=CC(=O)CC[C@]12C
Candicidin,https://go.drugbank.com/drugs/DB01152,48N2IYJ202,1403-17-4,OPGSFDUODIJJGF-JBUZINEHSA-N,"InChI=1S/C59H84N2O18/c1-35-18-15-13-11-9-7-5-6-8-10-12-14-16-21-47(78-59-56(74)54(61)55(73)38(4)77-59)33-51(71)53(58(75)76)50(70)31-46(67)30-45(66)29-44(65)28-43(64)27-41(62)19-17-20-42(63)32-52(72)79-57(35)37(3)26-36(2)48(68)34-49(69)39-22-24-40(60)25-23-39/h5-16,18,21-25,35-38,43-45,47-48,50-51,53-57,59,64-66,68,70-71,73-74H,17,19-20,26-34,60-61H2,1-4H3,(H,75,76)/b6-5+,9-7+,10-8+,13-11+,14-12+,18-15+,21-16+/t35?,36?,37?,38-,43?,44?,45?,47?,48?,50?,51?,53?,54+,55-,56+,57?,59?/m1/s1","(23E,25E,27E,29E,31E,33E,35E)-22-{[(3S,4S,5S,6R)-4-amino-3,5-dihydroxy-6-methyloxan-2-yl]oxy}-38-[7-(4-aminophenyl)-5-hydroxy-4-methyl-7-oxoheptan-2-yl]-10,12,14,18,20-pentahydroxy-37-methyl-2,4,8,16-tetraoxo-1-oxacyclooctatriaconta-23,25,27,29,31,33,35-heptaene-19-carboxylic acid",CC(CC(C)C1OC(=O)CC(=O)CCCC(=O)CC(O)CC(O)CC(O)CC(=O)CC(O)C(C(O)CC(OC2O[C@H](C)[C@@H](O)[C@H](N)[C@@H]2O)\C=C\C=C\C=C\C=C\C=C\C=C\C=C\C1C)C(O)=O)C(O)CC(=O)C1=CC=C(N)C=C1
Butylated hydroxytoluene,https://go.drugbank.com/drugs/DB16863,1P9D0Z171K,128-37-0,NLZUEZXRPGMBCV-UHFFFAOYSA-N,"InChI=1S/C15H24O/c1-10-8-11(14(2,3)4)13(16)12(9-10)15(5,6)7/h8-9,16H,1-7H3","2,6-di-tert-butyl-4-methylphenol",CC1=CC(=C(O)C(=C1)C(C)(C)C)C(C)(C)C
Hexetidine,https://go.drugbank.com/drugs/DB08958,852A84Y8LS,141-94-6,DTOUUUZOYKYHEP-UHFFFAOYSA-N,"InChI=1S/C21H45N3/c1-6-10-12-19(8-3)14-23-16-21(5,22)17-24(18-23)15-20(9-4)13-11-7-2/h19-20H,6-18,22H2,1-5H3","1,3-bis(2-ethylhexyl)-5-methyl-1,3-diazinan-5-amine",CCCCC(CC)CN1CN(CC(CC)CCCC)CC(C)(N)C1
Bromochlorosalicylanilide,https://go.drugbank.com/drugs/DB13696,6GK715PWMQ,3679-64-9,QBSGXIBYUQJHMJ-UHFFFAOYSA-N,"InChI=1S/C13H9BrClNO2/c14-8-1-6-12(17)11(7-8)13(18)16-10-4-2-9(15)3-5-10/h1-7,17H,(H,16,18)",5-bromo-N-(4-chlorophenyl)-2-hydroxybenzamide,OC1=CC=C(Br)C=C1C(=O)NC1=CC=C(Cl)C=C1
Fosravuconazole,https://go.drugbank.com/drugs/DB15204,L4Q6O5430L,351227-64-0,SYTNEMZCCLUTNX-NPMXOYFQSA-N,"InChI=1S/C23H20F2N5O5PS/c1-15(22-29-21(10-37-22)17-4-2-16(9-26)3-5-17)23(11-30-13-27-12-28-30,34-14-35-36(31,32)33)19-7-6-18(24)8-20(19)25/h2-8,10,12-13,15H,11,14H2,1H3,(H2,31,32,33)/t15-,23+/m0/s1","({[(2R,3R)-3-[4-(4-cyanophenyl)-1,3-thiazol-2-yl]-2-(2,4-difluorophenyl)-1-(1H-1,2,4-triazol-1-yl)butan-2-yl]oxy}methoxy)phosphonic acid",C[C@@H](C1=NC(=CS1)C1=CC=C(C=C1)C#N)[C@@](CN1C=NC=N1)(OCOP(O)(O)=O)C1=CC=C(F)C=C1F
Levoketoconazole,https://go.drugbank.com/drugs/DB05667,2DJ8R0NT7K,142128-57-2,XMAYWYJOQHXEEK-ZEQKJWHPSA-N,"InChI=1S/C26H28Cl2N4O4/c1-19(33)31-10-12-32(13-11-31)21-3-5-22(6-4-21)34-15-23-16-35-26(36-23,17-30-9-8-29-18-30)24-7-2-20(27)14-25(24)28/h2-9,14,18,23H,10-13,15-17H2,1H3/t23-,26-/m1/s1","1-[4-(4-{[(2S,4R)-2-(2,4-dichlorophenyl)-2-[(1H-imidazol-1-yl)methyl]-1,3-dioxolan-4-yl]methoxy}phenyl)piperazin-1-yl]ethan-1-one",CC(=O)N1CCN(CC1)C1=CC=C(OC[C@@H]2CO[C@](CN3C=CN=C3)(O2)C2=CC=C(Cl)C=C2Cl)C=C1
Capric acid,https://go.drugbank.com/drugs/DB03600,4G9EDB6V73,334-48-5,GHVNFZFCNZKVNT-UHFFFAOYSA-N,"InChI=1S/C10H20O2/c1-2-3-4-5-6-7-8-9-10(11)12/h2-9H2,1H3,(H,11,12)",decanoic acid,CCCCCCCCCC(O)=O
